<core:FragmentDefinition xmlns:core="sap.ui.core"
	xmlns="sap.m"
	xmlns:macros="sap.fe.macros">

	<HBox id="mainHBox">
		<VBox>
			<Table id="parentTable" class="tableClass">
				<columns>
					<Column>
						<Label text="MGSP Part No" />
					</Column>
					<Column>
						<Label text="Existing MGSP PO Price" />
					</Column>
					<Column>
						<Label text="Target Price" />
					</Column>
				</columns>
			</Table>
			<VBox alignItems='End' class="vboxbelowtable">
			<Label text="Total Landed Investment - Settled (Rs. lacs)"> </Label>
			<Label text="Total Business value (Rs. Lac) 1st 12months"> </Label>
			<Label text="Amount to be paid to M/s RKR (Lac) 1st 12 months"> </Label>
			<Label text="Amount to be paid to M/s RKR (Lac) 2nd + 3rd Year"> </Label>
			<Label text="YOY Reduction for 3 yrs (After SOP + 1 year)"> </Label>
			<Label text="FX Base Rate"> </Label>
			<Label text="Finished Weight of Part / System (kg)"> </Label>
			<Label text="DTB Packaging Cost Rs"> </Label>
			<Label text="Inco Terms"> </Label>
			<Label text="Payment Terms"> </Label>
			<Label text="Transport Cost"> </Label>
			<Label text="Capex"> </Label>
			<Label text="Revenue"> </Label>
			</VBox>
		</VBox>
		<HBox class="VendorHBoxClass"></HBox>
	</HBox>
</core:FragmentDefinition>