{
  "controller/Folder-dbg.controller.js": 1721025399109,
  "model/models.js": 1721025399109,
  "manifest.json": 1721201741425,
  "controller/Folder.controller.js": 1721025399109,
  "controller/App.controller.js": 1721025399109,
  "Component.js": 1721025399109,
  "Component-preload.js": 1721201741827,
  "controller/App-dbg.controller.js": 1721025399109,
  "i18n/i18n.properties": 1721025399109,
  "model/models-dbg.js": 1721025399109,
  "Component-dbg.js": 1721025399109,
  "view/Folder.view.xml": 1721025399109,
  "view/App.view.xml": 1721025399109,
  "css/style.css": 1721025399109,
  "index.html": 1721025399109
}