{
  "model/models.js": 1714383883891,
  "i18n/i18n.properties": 1714383883891,
  "manifest.json": 1714453502931,
  "controller/Folder.controller.js": 1714383883891,
  "controller/App.controller.js": 1714383883891,
  "Component.js": 1714383883887,
  "Component-preload.js": 1714453503298,
  "Component-dbg.js": 1714383883887,
  "controller/Folder-dbg.controller.js": 1714383883891,
  "controller/App-dbg.controller.js": 1714383883891,
  "model/models-dbg.js": 1714383883891,
  "view/Folder.view.xml": 1714383883891,
  "view/App.view.xml": 1714383883891,
  "css/style.css": 1714383883891,
  "index.html": 1714383883891
}