{
  "Component.js": 1723527447909,
  "model/models.js": 1723527447909,
  "manifest.json": 1723619272901,
  "controller/Folder.controller.js": 1723527447909,
  "controller/App.controller.js": 1723527447909,
  "i18n/i18n.properties": 1723527447909,
  "Component-preload.js": 1723619273099,
  "controller/Folder-dbg.controller.js": 1723527447909,
  "model/models-dbg.js": 1723527447909,
  "controller/App-dbg.controller.js": 1723527447909,
  "Component-dbg.js": 1723527447909,
  "view/Folder.view.xml": 1723527447909,
  "view/App.view.xml": 1723527447909,
  "css/style.css": 1723527447909,
  "index.html": 1723527447909
}