{
  "controller/App-dbg.controller.js": 1714028191645,
  "controller/App.controller.js": 1714028191645,
  "model/models.js": 1714028191645,
  "controller/Folder.controller.js": 1714028191645,
  "manifest.json": 1714030566531,
  "Component.js": 1714028191645,
  "Component-preload.js": 1714030566879,
  "controller/Folder-dbg.controller.js": 1714028191645,
  "model/models-dbg.js": 1714028191645,
  "i18n/i18n.properties": 1714028191645,
  "Component-dbg.js": 1714028191645,
  "view/Folder.view.xml": 1714028191645,
  "view/App.view.xml": 1714028191645,
  "css/style.css": 1714028191645,
  "index.html": 1714028191645
}