{
  "i18n/i18n.properties": 1713852985719,
  "Component.js": 1713852985719,
  "model/models.js": 1713852985719,
  "controller/Folder.controller.js": 1713852985719,
  "controller/App.controller.js": 1713852985719,
  "manifest.json": 1713856701763,
  "Component-preload.js": 1713856702240,
  "Component-dbg.js": 1713852985719,
  "controller/Folder-dbg.controller.js": 1713852985719,
  "controller/App-dbg.controller.js": 1713852985719,
  "model/models-dbg.js": 1713852985719,
  "view/Folder.view.xml": 1713852985723,
  "view/App.view.xml": 1713852985723,
  "css/style.css": 1713852985719,
  "index.html": 1713852985719
}