{
  "controller/App.controller.js": 1713373234950,
  "Component.js": 1713373234950,
  "model/models.js": 1713373234954,
  "controller/Folder.controller.js": 1713373234950,
  "i18n/i18n.properties": 1713373234950,
  "manifest.json": 1713381011534,
  "Component-preload.js": 1713381011961,
  "controller/App-dbg.controller.js": 1713373234950,
  "controller/Folder-dbg.controller.js": 1713373234950,
  "model/models-dbg.js": 1713373234954,
  "Component-dbg.js": 1713373234950,
  "view/Folder.view.xml": 1713373234958,
  "view/App.view.xml": 1713373234954,
  "css/style.css": 1713373234950,
  "index.html": 1713373234950
}