{
  "manifest.json": 1724231319264,
  "controller/App.controller.js": 1723622789079,
  "model/models.js": 1723622789079,
  "controller/Folder.controller.js": 1723622789079,
  "i18n/i18n.properties": 1723622789079,
  "Component.js": 1723622789079,
  "Component-preload.js": 1724231319559,
  "controller/App-dbg.controller.js": 1723622789079,
  "controller/Folder-dbg.controller.js": 1723622789079,
  "model/models-dbg.js": 1723622789079,
  "Component-dbg.js": 1723622789079,
  "view/Folder.view.xml": 1723622789079,
  "view/App.view.xml": 1723622789079,
  "css/style.css": 1723622789079,
  "index.html": 1723622789079
}