{
  "controller/Folder-dbg.controller.js": 1714457722137,
  "manifest.json": 1715662746085,
  "model/models.js": 1714457722141,
  "controller/Folder.controller.js": 1714457722137,
  "controller/App.controller.js": 1714457722137,
  "Component.js": 1714457722137,
  "Component-preload.js": 1715662746487,
  "model/models-dbg.js": 1714457722141,
  "i18n/i18n.properties": 1714457722137,
  "controller/App-dbg.controller.js": 1714457722137,
  "Component-dbg.js": 1714457722137,
  "view/Folder.view.xml": 1714457722141,
  "view/App.view.xml": 1714457722141,
  "css/style.css": 1714457722137,
  "index.html": 1714457722137
}