{
  "controller/App-dbg.controller.js": 1713934402009,
  "manifest.json": 1713940882391,
  "model/models.js": 1713934402009,
  "controller/Folder.controller.js": 1713934402009,
  "controller/App.controller.js": 1713934402009,
  "Component.js": 1713934402009,
  "Component-preload.js": 1713940882624,
  "model/models-dbg.js": 1713934402009,
  "controller/Folder-dbg.controller.js": 1713934402009,
  "i18n/i18n.properties": 1713934402009,
  "Component-dbg.js": 1713934402009,
  "view/Folder.view.xml": 1713934402013,
  "view/App.view.xml": 1713934402013,
  "css/style.css": 1713934402009,
  "index.html": 1713934402009
}