{
  "css/style.css": 1715755707948,
  "Component.js": 1715755707948,
  "model/models.js": 1715755707948,
  "controller/Folder.controller.js": 1715755707948,
  "controller/App.controller.js": 1715755707948,
  "manifest.json": 1720609532281,
  "Component-preload.js": 1720609532921,
  "controller/Folder-dbg.controller.js": 1715755707948,
  "model/models-dbg.js": 1715755707948,
  "controller/App-dbg.controller.js": 1715755707948,
  "Component-dbg.js": 1715755707948,
  "view/Folder.view.xml": 1715755707952,
  "view/App.view.xml": 1715755707952,
  "i18n/i18n.properties": 1715755707948,
  "index.html": 1715755707948
}