{
  "view/Folder.view.xml": 1713260509922,
  "manifest.json": 1713332865540,
  "model/models.js": 1713260509922,
  "controller/Folder.controller.js": 1713260509918,
  "controller/App.controller.js": 1713260509918,
  "Component.js": 1713260509914,
  "Component-preload.js": 1713332865905,
  "controller/Folder-dbg.controller.js": 1713260509918,
  "model/models-dbg.js": 1713260509922,
  "controller/App-dbg.controller.js": 1713260509918,
  "Component-dbg.js": 1713260509914,
  "i18n/i18n.properties": 1713260509918,
  "view/App.view.xml": 1713260509922,
  "css/style.css": 1713260509918,
  "index.html": 1713260509918
}