{
  "model/models.js": 1713384689909,
  "manifest.json": 1713765096500,
  "i18n/i18n.properties": 1713384689909,
  "controller/Folder.controller.js": 1713526443548,
  "controller/App.controller.js": 1713384689909,
  "Component.js": 1713384689905,
  "Component-preload.js": 1713765096688,
  "Component-dbg.js": 1713384689905,
  "controller/Folder-dbg.controller.js": 1713526443548,
  "controller/App-dbg.controller.js": 1713384689909,
  "model/models-dbg.js": 1713384689909,
  "view/Folder.view.xml": 1713384689913,
  "view/App.view.xml": 1713384689913,
  "css/style.css": 1713384689909,
  "index.html": 1713384689909
}