{
  "css/style.css": 1713954490773,
  "controller/Folder.controller.js": 1713954490773,
  "model/models.js": 1713954490773,
  "manifest.json": 1713957454496,
  "controller/App.controller.js": 1713954490773,
  "Component.js": 1713954490773,
  "Component-preload.js": 1713957454994,
  "Component-dbg.js": 1713954490773,
  "controller/Folder-dbg.controller.js": 1713954490773,
  "controller/App-dbg.controller.js": 1713954490773,
  "model/models-dbg.js": 1713954490773,
  "view/Folder.view.xml": 1713954490773,
  "view/App.view.xml": 1713954490773,
  "i18n/i18n.properties": 1713954490773,
  "index.html": 1713954490773
}