{
  "i18n/i18n.properties": 1709723739647,
  "ext/controller/ObjectPageController.controller.js": 1709808881491,
  "ext/fragment/Vandorboard.js": 1709724468903,
  "ext/fragment/Comments.js": 1709795851581,
  "manifest.json": 1709813053392,
  "Component.js": 1709723720951,
  "Component-preload.js": 1709813053543,
  "ext/fragment/Vandorboard-dbg.js": 1709724468903,
  "ext/fragment/Comments-dbg.js": 1709795851581,
  "ext/controller/ObjectPageController-dbg.controller.js": 1709808881491,
  "Component-dbg.js": 1709723720951,
  "ext/fragment/Vandorboard.fragment.xml": 1709810077593,
  "ext/fragment/Comments.fragment.xml": 1709809892118,
  "css/style.css": 1709809742163,
  "index.html": 1709723720951
}