{
  "view/Listreport.view.xml": 1724219221031,
  "Component.js": 1723622789075,
  "model/models.js": 1723622789075,
  "controller/ObjectPage.controller.js": 1724231243978,
  "controller/Listreport.controller.js": 1723622789075,
  "controller/App.controller.js": 1723622789075,
  "manifest.json": 1724231312309,
  "Component-preload.js": 1724231312604,
  "controller/ObjectPage-dbg.controller.js": 1724231243978,
  "model/models-dbg.js": 1723622789075,
  "controller/Listreport-dbg.controller.js": 1723622789075,
  "controller/App-dbg.controller.js": 1723622789075,
  "Component-dbg.js": 1723622789075,
  "view/ObjectPage.view.xml": 1724231223622,
  "i18n/i18n.properties": 1723622789075,
  "view/App.view.xml": 1723622789075,
  "css/style.css": 1724217192857,
  "index.html": 1723622789075
}