{
  "index.html": 1723527447905,
  "manifest.json": 1723619266462,
  "model/models.js": 1723527447905,
  "controller/ObjectPage.controller.js": 1723527447905,
  "controller/Listreport.controller.js": 1723527447905,
  "controller/App.controller.js": 1723527447905,
  "Component.js": 1723527447905,
  "Component-preload.js": 1723619266724,
  "Component-dbg.js": 1723527447905,
  "controller/ObjectPage-dbg.controller.js": 1723527447905,
  "controller/Listreport-dbg.controller.js": 1723527447905,
  "controller/App-dbg.controller.js": 1723527447905,
  "model/models-dbg.js": 1723527447905,
  "view/ObjectPage.view.xml": 1723527447905,
  "view/Listreport.view.xml": 1723527447905,
  "view/App.view.xml": 1723527447905,
  "css/style.css": 1723527447905,
  "i18n/i18n.properties": 1723527447905
}