{
  "controller/App-dbg.controller.js": 1714028191609,
  "controller/ObjectPage.controller.js": 1714028191609,
  "model/models.js": 1714028191609,
  "manifest.json": 1714030556200,
  "controller/Listreport.controller.js": 1714028191609,
  "controller/App.controller.js": 1714028191609,
  "Component.js": 1714028191609,
  "Component-preload.js": 1714030556533,
  "model/models-dbg.js": 1714028191609,
  "controller/ObjectPage-dbg.controller.js": 1714028191609,
  "controller/Listreport-dbg.controller.js": 1714028191609,
  "i18n/i18n.properties": 1714028191609,
  "Component-dbg.js": 1714028191609,
  "view/ObjectPage.view.xml": 1714028191613,
  "view/Listreport.view.xml": 1714028191613,
  "view/App.view.xml": 1714028191613,
  "css/style.css": 1714028191609,
  "index.html": 1714028191609
}