{
  "manifest.json": 1713521869632,
  "model/models.js": 1713384689853,
  "i18n/i18n.properties": 1713384689853,
  "controller/ObjectPage.controller.js": 1713384689853,
  "controller/Listreport.controller.js": 1713384689853,
  "controller/App.controller.js": 1713384689853,
  "Component.js": 1713384689853,
  "Component-preload.js": 1713521870112,
  "Component-dbg.js": 1713384689853,
  "controller/ObjectPage-dbg.controller.js": 1713384689853,
  "controller/Listreport-dbg.controller.js": 1713384689853,
  "controller/App-dbg.controller.js": 1713384689853,
  "model/models-dbg.js": 1713384689853,
  "view/ObjectPage.view.xml": 1713384689857,
  "view/Listreport.view.xml": 1713384689857,
  "view/App.view.xml": 1713384689857,
  "css/style.css": 1713384689853,
  "index.html": 1713384689853
}