{
  "controller/App-dbg.controller.js": 1714457722097,
  "controller/App.controller.js": 1714457722097,
  "model/models.js": 1714457722101,
  "controller/ObjectPage.controller.js": 1714457722097,
  "controller/Listreport.controller.js": 1714457722097,
  "manifest.json": 1715686675436,
  "Component.js": 1714457722097,
  "Component-preload.js": 1715686675836,
  "Component-dbg.js": 1714457722097,
  "controller/ObjectPage-dbg.controller.js": 1714457722097,
  "controller/Listreport-dbg.controller.js": 1714457722097,
  "i18n/i18n.properties": 1714457722097,
  "model/models-dbg.js": 1714457722101,
  "view/ObjectPage.view.xml": 1714457722101,
  "view/Listreport.view.xml": 1714457722101,
  "view/App.view.xml": 1714457722101,
  "css/style.css": 1714457722097,
  "index.html": 1714457722097
}