{
  "view/Listreport.view.xml": 1711956550495,
  "model/models.js": 1711950854420,
  "manifest.json": 1711969238403,
  "controller/ObjectPage.controller.js": 1711969164728,
  "controller/Listreport.controller.js": 1711962987980,
  "controller/App.controller.js": 1711950854424,
  "Component.js": 1711950854412,
  "Component-preload.js": 1711969238744,
  "controller/Listreport-dbg.controller.js": 1711962987980,
  "controller/ObjectPage-dbg.controller.js": 1711969164728,
  "model/models-dbg.js": 1711950854420,
  "controller/App-dbg.controller.js": 1711950854424,
  "Component-dbg.js": 1711950854412,
  "view/ObjectPage.view.xml": 1711966921728,
  "i18n/i18n.properties": 1711965700020,
  "view/App.view.xml": 1711950854428,
  "css/style.css": 1711950854424,
  "index.html": 1711950854416
}