{
  "controller/App-dbg.controller.js": 1712549454577,
  "controller/Listreport.controller.js": 1712549454577,
  "model/models.js": 1712549454577,
  "controller/ObjectPage.controller.js": 1712549454577,
  "manifest.json": 1712552063172,
  "controller/App.controller.js": 1712549454577,
  "Component.js": 1712549454577,
  "Component-preload.js": 1712552063543,
  "controller/ObjectPage-dbg.controller.js": 1712549454577,
  "model/models-dbg.js": 1712549454577,
  "controller/Listreport-dbg.controller.js": 1712549454577,
  "i18n/i18n.properties": 1712549454577,
  "Component-dbg.js": 1712549454577,
  "view/ObjectPage.view.xml": 1712549454581,
  "view/Listreport.view.xml": 1712549454581,
  "view/App.view.xml": 1712549454581,
  "css/style.css": 1712549454577,
  "index.html": 1712549454577
}