{
  "view/App.view.xml": 1711950854428,
  "controller/ObjectPage.controller.js": 1712043040060,
  "model/models.js": 1711950854420,
  "manifest.json": 1712043277573,
  "controller/Listreport.controller.js": 1712038361455,
  "controller/App.controller.js": 1711950854424,
  "Component.js": 1711950854412,
  "Component-preload.js": 1712043277968,
  "controller/ObjectPage-dbg.controller.js": 1712043040060,
  "model/models-dbg.js": 1711950854420,
  "controller/Listreport-dbg.controller.js": 1712038361455,
  "controller/App-dbg.controller.js": 1711950854424,
  "Component-dbg.js": 1711950854412,
  "view/ObjectPage.view.xml": 1712043102779,
  "view/Listreport.view.xml": 1711956550495,
  "i18n/i18n.properties": 1711965700020,
  "css/style.css": 1711950854424,
  "index.html": 1711950854416
}