{
  "controller/ObjectPage.controller.js": 1712520135462,
  "i18n/i18n.properties": 1712520135462,
  "model/models.js": 1712520135466,
  "manifest.json": 1712521908486,
  "controller/Listreport.controller.js": 1712520135462,
  "controller/App.controller.js": 1712520135462,
  "Component.js": 1712520135462,
  "Component-preload.js": 1712521908658,
  "Component-dbg.js": 1712520135462,
  "controller/ObjectPage-dbg.controller.js": 1712520135462,
  "controller/Listreport-dbg.controller.js": 1712520135462,
  "controller/App-dbg.controller.js": 1712520135462,
  "model/models-dbg.js": 1712520135466,
  "view/ObjectPage.view.xml": 1712520135466,
  "view/Listreport.view.xml": 1712520135466,
  "view/App.view.xml": 1712520135466,
  "css/style.css": 1712520135462,
  "index.html": 1712520135462
}