{
  "controller/Listreport-dbg.controller.js": 1713331600735,
  "controller/App.controller.js": 1713331600735,
  "model/models.js": 1713331600735,
  "controller/ObjectPage.controller.js": 1713331600735,
  "controller/Listreport.controller.js": 1713331600735,
  "manifest.json": 1713333447257,
  "Component.js": 1713331600735,
  "Component-preload.js": 1713333447674,
  "controller/App-dbg.controller.js": 1713331600735,
  "controller/ObjectPage-dbg.controller.js": 1713331600735,
  "i18n/i18n.properties": 1713331600735,
  "model/models-dbg.js": 1713331600735,
  "Component-dbg.js": 1713331600735,
  "view/ObjectPage.view.xml": 1713331600743,
  "view/Listreport.view.xml": 1713331600743,
  "view/App.view.xml": 1713331600743,
  "css/style.css": 1713331600735,
  "index.html": 1713331600735
}