{
  "controller/App-dbg.controller.js": 1713934401949,
  "controller/App.controller.js": 1713934401949,
  "model/models.js": 1713934401949,
  "controller/ObjectPage.controller.js": 1713934401949,
  "controller/Listreport.controller.js": 1713934401949,
  "manifest.json": 1713940871362,
  "Component.js": 1713934401949,
  "Component-preload.js": 1713940871777,
  "controller/Listreport-dbg.controller.js": 1713934401949,
  "controller/ObjectPage-dbg.controller.js": 1713934401949,
  "model/models-dbg.js": 1713934401949,
  "i18n/i18n.properties": 1713934401949,
  "Component-dbg.js": 1713934401949,
  "view/ObjectPage.view.xml": 1713934401957,
  "view/Listreport.view.xml": 1713934401957,
  "view/App.view.xml": 1713934401957,
  "css/style.css": 1713934401949,
  "index.html": 1713934401949
}