{
  "view/App.view.xml": 1712553679536,
  "controller/ObjectPage.controller.js": 1712553679532,
  "model/models.js": 1712553679532,
  "manifest.json": 1712558784118,
  "controller/Listreport.controller.js": 1712553679532,
  "controller/App.controller.js": 1712553679532,
  "Component.js": 1712553679532,
  "Component-preload.js": 1712558784409,
  "model/models-dbg.js": 1712553679532,
  "controller/ObjectPage-dbg.controller.js": 1712553679532,
  "controller/Listreport-dbg.controller.js": 1712553679532,
  "controller/App-dbg.controller.js": 1712553679532,
  "Component-dbg.js": 1712553679532,
  "view/ObjectPage.view.xml": 1712553679540,
  "view/Listreport.view.xml": 1712553679540,
  "i18n/i18n.properties": 1712553679532,
  "css/style.css": 1712553679532,
  "index.html": 1712553679532
}