{
  "controller/Listreport.controller.js": 1721197021161,
  "i18n/i18n.properties": 1721025399097,
  "model/models.js": 1721025399097,
  "controller/ObjectPage.controller.js": 1721103874609,
  "manifest.json": 1721201728627,
  "controller/App.controller.js": 1721025399097,
  "Component.js": 1721025399097,
  "Component-preload.js": 1721201729286,
  "controller/ObjectPage-dbg.controller.js": 1721103874609,
  "model/models-dbg.js": 1721025399097,
  "controller/Listreport-dbg.controller.js": 1721197021161,
  "controller/App-dbg.controller.js": 1721025399097,
  "Component-dbg.js": 1721025399097,
  "view/ObjectPage.view.xml": 1721035436324,
  "view/Listreport.view.xml": 1721025399097,
  "view/App.view.xml": 1721025399097,
  "css/style.css": 1721035498615,
  "index.html": 1721025399097
}