{
  "controller/Listreport.controller.js": 1712490654501,
  "controller/ObjectPage.controller.js": 1712515523123,
  "model/models.js": 1712490654505,
  "manifest.json": 1712515599997,
  "i18n/i18n.properties": 1712490654501,
  "controller/App.controller.js": 1712490654501,
  "Component.js": 1712490654501,
  "Component-preload.js": 1712515600258,
  "model/models-dbg.js": 1712490654505,
  "controller/ObjectPage-dbg.controller.js": 1712515523123,
  "controller/Listreport-dbg.controller.js": 1712490654501,
  "controller/App-dbg.controller.js": 1712490654501,
  "Component-dbg.js": 1712490654501,
  "view/ObjectPage.view.xml": 1712512106397,
  "view/Listreport.view.xml": 1712490654505,
  "view/App.view.xml": 1712490654505,
  "css/style.css": 1712490654501,
  "index.html": 1712490654501
}