{
  "view/App.view.xml": 1714383883855,
  "controller/ObjectPage.controller.js": 1714383883847,
  "model/models.js": 1714383883851,
  "manifest.json": 1714453494330,
  "controller/Listreport.controller.js": 1714383883847,
  "controller/App.controller.js": 1714383883847,
  "Component.js": 1714383883847,
  "Component-preload.js": 1714453494711,
  "controller/App-dbg.controller.js": 1714383883847,
  "controller/ObjectPage-dbg.controller.js": 1714383883847,
  "controller/Listreport-dbg.controller.js": 1714383883847,
  "model/models-dbg.js": 1714383883851,
  "Component-dbg.js": 1714383883847,
  "view/ObjectPage.view.xml": 1714383883855,
  "view/Listreport.view.xml": 1714383883855,
  "i18n/i18n.properties": 1714383883851,
  "css/style.css": 1714383883847,
  "index.html": 1714383883851
}