{
  "model/models-dbg.js": 1712567075902,
  "controller/Listreport.controller.js": 1712567075902,
  "model/models.js": 1712567075902,
  "controller/ObjectPage.controller.js": 1712567075902,
  "manifest.json": 1713173708802,
  "controller/App.controller.js": 1712567075902,
  "Component.js": 1712567075902,
  "Component-preload.js": 1713173709105,
  "controller/ObjectPage-dbg.controller.js": 1712567075902,
  "i18n/i18n.properties": 1712567075902,
  "controller/Listreport-dbg.controller.js": 1712567075902,
  "controller/App-dbg.controller.js": 1712567075902,
  "Component-dbg.js": 1712567075902,
  "view/ObjectPage.view.xml": 1713165401683,
  "view/Listreport.view.xml": 1712567075910,
  "view/App.view.xml": 1712567075910,
  "css/style.css": 1712899716065,
  "index.html": 1712567075902
}