{
  "manifest.json": 1714027062378,
  "i18n/i18n.properties": 1714024977566,
  "model/models.js": 1714020923184,
  "controller/ObjectPage.controller.js": 1714020923180,
  "controller/Listreport.controller.js": 1714020923180,
  "controller/App.controller.js": 1714020923180,
  "Component.js": 1714020923180,
  "Component-preload.js": 1714027062697,
  "controller/App-dbg.controller.js": 1714020923180,
  "controller/ObjectPage-dbg.controller.js": 1714020923180,
  "controller/Listreport-dbg.controller.js": 1714020923180,
  "model/models-dbg.js": 1714020923184,
  "Component-dbg.js": 1714020923180,
  "view/ObjectPage.view.xml": 1714020923184,
  "view/Listreport.view.xml": 1714020923184,
  "view/App.view.xml": 1714020923184,
  "css/style.css": 1714020923180,
  "index.html": 1714020923180
}