{
  "controller/App.controller.js": 1713954490733,
  "model/models.js": 1713954490737,
  "manifest.json": 1713957439681,
  "controller/ObjectPage.controller.js": 1713954490733,
  "controller/Listreport.controller.js": 1713954490733,
  "i18n/i18n.properties": 1713954490733,
  "Component.js": 1713954490733,
  "Component-preload.js": 1713957440517,
  "controller/Listreport-dbg.controller.js": 1713954490733,
  "controller/ObjectPage-dbg.controller.js": 1713954490733,
  "model/models-dbg.js": 1713954490737,
  "controller/App-dbg.controller.js": 1713954490733,
  "Component-dbg.js": 1713954490733,
  "view/ObjectPage.view.xml": 1713954490737,
  "view/Listreport.view.xml": 1713954490737,
  "view/App.view.xml": 1713954490737,
  "css/style.css": 1713954490733,
  "index.html": 1713954490733
}