{
  "controller/App.controller.js": 1715755707948,
  "controller/Listreport.controller.js": 1715755707948,
  "model/models.js": 1715755707948,
  "controller/ObjectPage.controller.js": 1720608832364,
  "manifest.json": 1720609520501,
  "i18n/i18n.properties": 1715755707948,
  "Component.js": 1715755707948,
  "Component-preload.js": 1720609521060,
  "model/models-dbg.js": 1715755707948,
  "controller/ObjectPage-dbg.controller.js": 1720608832364,
  "controller/Listreport-dbg.controller.js": 1715755707948,
  "controller/App-dbg.controller.js": 1715755707948,
  "Component-dbg.js": 1715755707948,
  "view/ObjectPage.view.xml": 1715755707948,
  "view/Listreport.view.xml": 1715755707948,
  "view/App.view.xml": 1715755707948,
  "css/style.css": 1715755707948,
  "index.html": 1715755707948
}