{
  "Component-dbg.js": 1713373234906,
  "model/models.js": 1713373234906,
  "manifest.json": 1713380999069,
  "controller/ObjectPage.controller.js": 1713373234906,
  "controller/Listreport.controller.js": 1713373234906,
  "controller/App.controller.js": 1713373234906,
  "Component.js": 1713373234906,
  "Component-preload.js": 1713380999492,
  "controller/Listreport-dbg.controller.js": 1713373234906,
  "controller/ObjectPage-dbg.controller.js": 1713373234906,
  "model/models-dbg.js": 1713373234906,
  "controller/App-dbg.controller.js": 1713373234906,
  "i18n/i18n.properties": 1713373234906,
  "view/ObjectPage.view.xml": 1713373234910,
  "view/Listreport.view.xml": 1713373234910,
  "view/App.view.xml": 1713373234910,
  "css/style.css": 1713373234906,
  "index.html": 1713373234906
}