{
  "controller/App-dbg.controller.js": 1713852985675,
  "controller/ObjectPage.controller.js": 1713852985675,
  "model/models.js": 1713852985675,
  "manifest.json": 1713856690524,
  "controller/Listreport.controller.js": 1713852985675,
  "controller/App.controller.js": 1713852985675,
  "Component.js": 1713852985675,
  "Component-preload.js": 1713856690882,
  "controller/ObjectPage-dbg.controller.js": 1713852985675,
  "model/models-dbg.js": 1713852985675,
  "controller/Listreport-dbg.controller.js": 1713852985675,
  "i18n/i18n.properties": 1713852985675,
  "Component-dbg.js": 1713852985675,
  "view/ObjectPage.view.xml": 1713852985679,
  "view/Listreport.view.xml": 1713852985679,
  "view/App.view.xml": 1713852985679,
  "css/style.css": 1713852985675,
  "index.html": 1713852985675
}