{
  "controller/ObjectPage-dbg.controller.js": 1713260522750,
  "model/models.js": 1713260509906,
  "manifest.json": 1713332854778,
  "controller/ObjectPage.controller.js": 1713260522750,
  "controller/Listreport.controller.js": 1713260509906,
  "controller/App.controller.js": 1713260509906,
  "Component.js": 1713260509906,
  "Component-preload.js": 1713332855152,
  "controller/Listreport-dbg.controller.js": 1713260509906,
  "i18n/i18n.properties": 1713260509906,
  "model/models-dbg.js": 1713260509906,
  "controller/App-dbg.controller.js": 1713260509906,
  "Component-dbg.js": 1713260509906,
  "view/ObjectPage.view.xml": 1713260509906,
  "view/Listreport.view.xml": 1713260509906,
  "view/App.view.xml": 1713260509906,
  "css/style.css": 1713260509906,
  "index.html": 1713260509906
}