{
  "ext/fragment/Vobforthirdobj-dbg.js": 1709737627696,
  "Component.js": 1709737387303,
  "ext/fragment/Vobforthirdobj.js": 1709737627696,
  "ext/fragment/Comment.js": 1709806808768,
  "ext/controller/ObjectPageController.controller.js": 1709808749771,
  "manifest.json": 1709813056622,
  "Component-preload.js": 1709813056769,
  "i18n/i18n.properties": 1709737448862,
  "ext/fragment/Comment-dbg.js": 1709806808768,
  "ext/controller/ObjectPageController-dbg.controller.js": 1709808749771,
  "Component-dbg.js": 1709737387303,
  "ext/fragment/Vobforthirdobj.fragment.xml": 1709810147457,
  "ext/fragment/Comment.fragment.xml": 1709806728492,
  "css/style.css": 1709805680729,
  "index.html": 1709737387307
}